Task,Primary Owner,Secondary Owner,Frequency,Target Time,Success Metric
Daily Dashboard Update,Data Analyst,Claims Manager,Daily,8:00 AM,100% completion
High-Value Appeal Processing,Claims Manager,Operations Manager,As needed,Within 24 hours,>30% success rate
Insurer Relationship Calls,Senior Management,Claims Manager,Weekly,Scheduled,All meetings held
Pattern Analysis,Data Analyst,Claims Manager,Weekly,Fridays,Reports delivered
Process Improvement,Operations Manager,Claims Manager,Monthly,Month-end,Measurable improvements
Staff Training,Operations Manager,Claims Manager,Quarterly,As scheduled,Training completed
Performance Reporting,Claims Manager,Data Analyst,Weekly,Mondays,Reports on time
Escalation Management,Senior Management,Operations Manager,As needed,Immediate,Issues resolved
Quality Assurance,Operations Manager,Claims Manager,Daily,Ongoing,<5% error rate
System Optimization,Data Analyst,Operations Manager,Monthly,As needed,Efficiency gains

ACCOUNTABILITY RULES:
- Primary Owner: Responsible for execution
- Secondary Owner: Backup and support
- All tasks must have completion confirmation
- Weekly review of all responsibilities
- Monthly performance evaluation
